{"cameraMode":{"drawMode":0,"name":"Shaded","section":"Shading Mode"},"sceneLighting":false,"audioPlay":false,"sceneViewState":{"m_AlwaysRefresh":false,"showFog":false,"showSkybox":false,"showFlares":false,"showImageEffects":false,"showParticleSystems":false,"showVisualEffectGraphs":true,"m_FxEnabled":false},"in2DMode":false,"pivot":{"x":-0.8198191523551941,"y":-0.9807235598564148,"z":-0.26645544171333315},"rotation":{"x":0.09921795129776001,"y":-0.37632933259010317,"z":0.040570441633462909,"w":0.9202681183815002},"size":2.598076105117798,"orthographic":true}